total_displacement,total_force
0,0
0.00121212121212,0.0709090909091
0.00242424242424,0.141818181818
